Slot,StrongSeed,WeakSeed,StrongSeedID,WeakSeedID,StrongSeedName,WeakSeedName,WinPCT,RNGResult,WinnerID,WinnerName
W11,W11a,W11b,1125.0,1396.0,Belmont,Temple,0.04639255995649372,0.35938389633591206,1396.0,Temple
W16,W16a,W16b,1295.0,1300.0,N Dakota St,NC Central,0.20858327331119095,0.6866758314293366,1300.0,NC Central
X11,X11a,X11b,1113.0,1385.0,Arizona St,St John's,0.3530833627336176,0.14164144361503062,1113.0,Arizona St
X16,X16a,X16b,1192.0,1341.0,F Dickinson,Prairie View,0.5142251514135394,0.7129902461900058,1341.0,Prairie View
