Slot,StrongSeed,WeakSeed,StrongSeedID,WeakSeedID,StrongSeedName,WeakSeedName,WinPCT,RNGResult,WinnerID,WinnerName
R3W1,R2W1,R2W4,1300.0,1387.0,NC Central,St Louis,0.3975572513905433,0.7295129556622613,1387.0,St Louis
R3W2,R2W2,R2W3,1133.0,1396.0,Bradley,Temple,0.8983251206863259,0.7479889530203695,1133.0,Bradley
R3X1,R2X1,R2X4,1393.0,1436.0,Syracuse,Vermont,0.7262963724622045,0.18505181942422988,1393.0,Syracuse
R3X2,R2X2,R2X3,1276.0,1297.0,Michigan,N Kentucky,0.9274514343006516,0.008861139324845446,1276.0,Michigan
R3Y1,R2Y1,R2Y4,1449.0,1242.0,Washington,Kansas,0.7447366061285947,0.24544135609744278,1449.0,Washington
R3Y2,R2Y2,R2Y3,1101.0,1326.0,Abilene Chr,Ohio St,0.31165781336865417,0.6860522096978818,1326.0,Ohio St
R3Z1,R2Z1,R2Z4,1205.0,1243.0,Gardner Webb,Kansas St,0.03308916056086442,0.9486519557184914,1243.0,Kansas St
R3Z2,R2Z2,R2Z3,1159.0,1330.0,Colgate,Old Dominion,0.04063319514371533,0.7041444361911968,1330.0,Old Dominion
