Slot,StrongSeed,WeakSeed,StrongSeedID,WeakSeedID,StrongSeedName,WeakSeedName,WinPCT,RNGResult,WinnerID,WinnerName
R4W1,R3W1,R3W2,1387.0,1133.0,St Louis,Bradley,0.5173927238691257,0.6518168402567364,1133.0,Bradley
R4X1,R3X1,R3X2,1393.0,1276.0,Syracuse,Michigan,0.4321592778778658,0.04729011183950227,1393.0,Syracuse
R4Y1,R3Y1,R3Y2,1449.0,1326.0,Washington,Ohio St,0.4387935670958307,0.2856974651908665,1449.0,Washington
R4Z1,R3Z1,R3Z2,1243.0,1330.0,Kansas St,Old Dominion,0.4209727140699412,0.7684366537526517,1330.0,Old Dominion
